SubscriptionType,min,max,Range
Basic,4.990061546582933,19.989517691391136,14.999456144808203
Premium,4.990126433329121,19.98975519044588,14.99962875711676
Standard,4.990441188568327,19.989956867323198,14.999515678754872
