AccountAge,MonthlyCharges,TotalCharges,SubscriptionType,PaymentMethod,PaperlessBilling,ContentType,MultiDeviceAccess,DeviceRegistered,ViewingHoursPerWeek,AverageViewingDuration,ContentDownloadsPerMonth,GenrePreference,UserRating,SupportTicketsPerMonth,Gender,WatchlistSize,ParentalControl,SubtitlesEnabled,Churn
40,19.91621040745389,796.6484162981556,Basic,Mailed check,No,TV Shows,No,Computer,33.96654388263475,178.87476686444134,47,Action,1.853066730973281,7,Female,21,No,No,0
1,18.883395886669128,18.883395886669128,Basic,Credit card,Yes,TV Shows,Yes,Computer,2.317607880921882,148.30153675420897,6,Action,1.4127235389847184,5,Female,0,Yes,Yes,1
119,19.98701260001683,2378.4544994020025,Standard,Bank transfer,Yes,TV Shows,Yes,TV,33.103581885571444,20.82058073775783,48,Action,4.310066061777047,5,Male,2,No,No,0
10,15.215473958579995,152.15473958579994,Premium,Credit card,No,TV Shows,No,Mobile,27.97876863991637,5.240137779143196,0,Drama,4.472370504953432,0,Female,0,Yes,Yes,0
116,19.796235855605783,2296.363359250271,Basic,Electronic check,Yes,Movies,Yes,TV,39.087093706572986,6.034070929310726,48,Action,4.995677135942961,7,Female,0,No,Yes,0
13,17.893607416585564,232.61689641561236,Standard,Mailed check,No,TV Shows,No,Mobile,17.665752157796614,175.12447839760677,2,Drama,2.9532061456782963,7,Male,23,No,No,0
31,7.363295711460633,228.26216705527963,Premium,Credit card,No,TV Shows,Yes,Mobile,38.84799731239095,8.068786342181145,0,Fantasy,2.034275987804029,9,Male,23,No,Yes,1
119,19.911119274800065,2369.423193701208,Premium,Mailed check,Yes,Movies,No,TV,8.194810614855665,31.97608914764537,46,Comedy,1.8537276691687423,9,Female,18,Yes,Yes,0
